ID,Event Time,AccX,AccY,AccZ,GyroX,GyroY,GyroZ,RotX,RotY,RotZ
1,2024-10-03T10:40:14.315Z,-0.041967444121837616,0.1100439578294754,1.0177245140075684,-0.0001983642578125,0.0008392333984375,-0.0001220703125,-2.0414013862609863,0.10817252099514008,0.04310934618115425
2,2024-10-03T10:40:14.315Z,-0.041967444121837616,0.1100439578294754,1.0177245140075684,-0.002044677734375,0.0002288818359375,-0.0013427734375,-2.0414013862609863,0.10817252099514008,0.04310934618115425
3,2024-10-03T10:40:14.319Z,-0.041967444121837616,0.1100439578294754,1.0177245140075684,-0.002044677734375,0.0002288818359375,-0.0013427734375,-2.0413665771484375,0.10812772810459137,0.04309497028589249
4,2024-10-03T10:40:14.334Z,-0.044164467602968216,0.11321656405925751,1.02284836769104,-0.002044677734375,0.0002288818359375,-0.0013427734375,-2.0413665771484375,0.10812772810459137,0.04309497028589249
5,2024-10-03T10:40:14.334Z,-0.044164467602968216,0.11321656405925751,1.02284836769104,-0.0014190673828125,-0.0009918212890625,0.0010986328125,-2.0413665771484375,0.10812772810459137,0.04309497028589249
6,2024-10-03T10:40:14.347Z,-0.044164467602968216,0.11321656405925751,1.02284836769104,-0.0014190673828125,-0.0009918212890625,0.0010986328125,-2.0538227558135986,0.10722331702709198,0.043003883212804794
7,2024-10-03T10:40:14.360Z,-0.042944591492414474,0.10857979953289032,1.0191887617111206,-0.0014190673828125,-0.0009918212890625,0.0010986328125,-2.0538227558135986,0.10722331702709198,0.043003883212804794
8,2024-10-03T10:40:14.361Z,-0.042944591492414474,0.10857979953289032,1.0191887617111206,0.0034637451171875,0.0008392333984375,-0.0013427734375,-2.0538227558135986,0.10722331702709198,0.043003883212804794
9,2024-10-03T10:40:14.380Z,-0.042944591492414474,0.10857979953289032,1.0191887617111206,0.0034637451171875,0.0008392333984375,-0.0013427734375,-2.053396463394165,0.10646095871925354,0.04329067841172218
10,2024-10-03T10:40:14.385Z,-0.044164467602968216,0.11053252965211868,1.0140633583068848,0.0034637451171875,0.0008392333984375,-0.0013427734375,-2.053396463394165,0.10646095871925354,0.04329067841172218
11,2024-10-03T10:40:14.388Z,-0.044164467602968216,0.11053252965211868,1.0140633583068848,0.0016326904296875,-0.000396728515625,-0.0013427734375,-2.053396463394165,0.10646095871925354,0.04329067841172218
12,2024-10-03T10:40:14.412Z,-0.044164467602968216,0.10809122025966644,1.0150405168533325,0.0016326904296875,-0.000396728515625,-0.0013427734375,-2.053396463394165,0.10646095871925354,0.04329067841172218
13,2024-10-03T10:40:14.414Z,-0.044164467602968216,0.10809122025966644,1.0150405168533325,0.0016326904296875,-0.000396728515625,-0.0013427734375,-2.053704261779785,0.10684315860271454,0.04328516870737076
14,2024-10-03T10:40:14.414Z,-0.044164467602968216,0.10809122025966644,1.0150405168533325,-0.0014190673828125,-0.000396728515625,-0.000732421875,-2.053704261779785,0.10684315860271454,0.04328516870737076
15,2024-10-03T10:40:14.439Z,-0.04148042947053909,0.11053252965211868,1.0172359943389893,-0.0014190673828125,-0.000396728515625,-0.000732421875,-2.053704261779785,0.10684315860271454,0.04328516870737076
16,2024-10-03T10:40:14.441Z,-0.04148042947053909,0.11053252965211868,1.0172359943389893,-0.000823974609375,-0.000396728515625,0.001708984375,-2.053704261779785,0.10684315860271454,0.04328516870737076
17,2024-10-03T10:40:14.447Z,-0.04148042947053909,0.11053252965211868,1.0172359943389893,-0.000823974609375,-0.000396728515625,0.001708984375,-2.053659200668335,0.1069553941488266,0.043228838592767715
18,2024-10-03T10:40:14.466Z,-0.044408753514289856,0.10931265354156494,1.0177245140075684,-0.000823974609375,-0.000396728515625,0.001708984375,-2.053659200668335,0.1069553941488266,0.043228838592767715
19,2024-10-03T10:40:14.468Z,-0.044408753514289856,0.10931265354156494,1.0177245140075684,-0.0001983642578125,-0.000396728515625,-0.000732421875,-2.053659200668335,0.1069553941488266,0.043228838592767715
20,2024-10-03T10:40:14.481Z,-0.044408753514289856,0.10931265354156494,1.0177245140075684,-0.0001983642578125,-0.000396728515625,-0.000732421875,-2.053576707839966,0.10710905492305756,0.043274782598018646
21,2024-10-03T10:40:14.492Z,-0.042211733758449554,0.10809122025966644,1.0182116031646729,-0.0001983642578125,-0.000396728515625,-0.000732421875,-2.053576707839966,0.10710905492305756,0.043274782598018646
22,2024-10-03T10:40:14.495Z,-0.042211733758449554,0.10809122025966644,1.0182116031646729,-0.000823974609375,0.0002288818359375,-0.0001220703125,-2.053576707839966,0.10710905492305756,0.043274782598018646
23,2024-10-03T10:40:14.515Z,-0.042211733758449554,0.10809122025966644,1.0182116031646729,-0.000823974609375,0.0002288818359375,-0.0001220703125,-2.053513526916504,0.10703866928815842,0.04324672743678093
24,2024-10-03T10:40:14.519Z,-0.044164467602968216,0.10711563378572464,1.0169917345046997,-0.000823974609375,0.0002288818359375,-0.0001220703125,-2.053513526916504,0.10703866928815842,0.04324672743678093
25,2024-10-03T10:40:14.522Z,-0.044164467602968216,0.10711563378572464,1.0169917345046997,0.000396728515625,-0.0009918212890625,-0.0001220703125,-2.053513526916504,0.10703866928815842,0.04324672743678093
26,2024-10-03T10:40:14.546Z,-0.04514005407691002,0.1110195443034172,1.0196757316589355,0.000396728515625,-0.0009918212890625,-0.0001220703125,-2.053513526916504,0.10703866928815842,0.04324672743678093
27,2024-10-03T10:40:14.548Z,-0.04514005407691002,0.1110195443034172,1.0196757316589355,0.000396728515625,-0.0009918212890625,-0.0001220703125,-2.053694248199463,0.10704053193330765,0.043322984129190445
28,2024-10-03T10:40:14.548Z,-0.04514005407691002,0.1110195443034172,1.0196757316589355,0.0010223388671875,-0.0009918212890625,-0.000732421875,-2.053694248199463,0.10704053193330765,0.043322984129190445
29,2024-10-03T10:40:14.573Z,-0.04465148225426674,0.11028824746608734,1.0177245140075684,0.0010223388671875,-0.0009918212890625,-0.000732421875,-2.053694248199463,0.10704053193330765,0.043322984129190445
30,2024-10-03T10:40:14.575Z,-0.04465148225426674,0.11028824746608734,1.0177245140075684,-0.0001983642578125,-0.000396728515625,-0.0001220703125,-2.053694248199463,0.10704053193330765,0.043322984129190445
31,2024-10-03T10:40:14.581Z,-0.04465148225426674,0.11028824746608734,1.0177245140075684,-0.0001983642578125,-0.000396728515625,-0.0001220703125,-2.0540120601654053,0.10706986486911774,0.043290648609399796
32,2024-10-03T10:40:14.599Z,-0.04489576816558838,0.10931265354156494,1.0165046453475952,-0.0001983642578125,-0.000396728515625,-0.0001220703125,-2.0540120601654053,0.10706986486911774,0.043290648609399796
33,2024-10-03T10:40:14.601Z,-0.04489576816558838,0.10931265354156494,1.0165046453475952,-0.000823974609375,-0.002838134765625,-0.000732421875,-2.0540120601654053,0.10706986486911774,0.043290648609399796
34,2024-10-03T10:40:14.615Z,-0.04489576816558838,0.10931265354156494,1.0165046453475952,-0.000823974609375,-0.002838134765625,-0.000732421875,-2.0551857948303223,0.10710316151380539,0.04330912604928017
35,2024-10-03T10:40:14.625Z,-0.042211733758449554,0.10833550989627838,1.0174802541732788,-0.000823974609375,-0.002838134765625,-0.000732421875,-2.0551857948303223,0.10710316151380539,0.04330912604928017
36,2024-10-03T10:40:14.628Z,-0.042211733758449554,0.10833550989627838,1.0174802541732788,-0.0001983642578125,-0.000396728515625,-0.0001220703125,-2.0551857948303223,0.10710316151380539,0.04330912604928017
37,2024-10-03T10:40:14.649Z,-0.042211733758449554,0.10833550989627838,1.0174802541732788,-0.0001983642578125,-0.000396728515625,-0.0001220703125,-2.0549163818359375,0.10705844312906265,0.043283313512802124
38,2024-10-03T10:40:14.652Z,-0.044164467602968216,0.1090683713555336,1.0165046453475952,-0.0001983642578125,-0.000396728515625,-0.0001220703125,-2.0549163818359375,0.10705844312906265,0.043283313512802124
39,2024-10-03T10:40:14.657Z,-0.044164467602968216,0.1090683713555336,1.0165046453475952,-0.0001983642578125,-0.000396728515625,0.00048828125,-2.0549163818359375,0.10705844312906265,0.043283313512802124
40,2024-10-03T10:40:14.679Z,-0.042944591492414474,0.10955538600683212,1.0177245140075684,-0.0001983642578125,-0.000396728515625,0.00048828125,-2.0549163818359375,0.10705844312906265,0.043283313512802124
41,2024-10-03T10:40:14.682Z,-0.042944591492414474,0.10955538600683212,1.0177245140075684,-0.0001983642578125,-0.000396728515625,0.00048828125,-2.0556106567382812,0.1070592850446701,0.04333795979619026
42,2024-10-03T10:40:14.682Z,-0.042944591492414474,0.10955538600683212,1.0177245140075684,-0.0014190673828125,-0.000396728515625,-0.0001220703125,-2.0556106567382812,0.1070592850446701,0.04333795979619026
43,2024-10-03T10:40:14.705Z,-0.043431606143713,0.10857979953289032,1.018700122833252,-0.0014190673828125,-0.000396728515625,-0.0001220703125,-2.0556106567382812,0.1070592850446701,0.04333795979619026
44,2024-10-03T10:40:14.708Z,-0.043431606143713,0.10857979953289032,1.018700122833252,-0.0026397705078125,-0.0009918212890625,-0.0001220703125,-2.0556106567382812,0.1070592850446701,0.04333795979619026
45,2024-10-03T10:40:14.715Z,-0.043431606143713,0.10857979953289032,1.018700122833252,-0.0026397705078125,-0.0009918212890625,-0.0001220703125,-2.0558903217315674,0.10702147334814072,0.04330974817276001
46,2024-10-03T10:40:14.732Z,-0.04709123447537422,0.10857979953289032,1.0184558629989624,-0.0026397705078125,-0.0009918212890625,-0.0001220703125,-2.0558903217315674,0.10702147334814072,0.04330974817276001
47,2024-10-03T10:40:14.736Z,-0.04709123447537422,0.10857979953289032,1.0184558629989624,0.0010223388671875,-0.000396728515625,-0.000732421875,-2.0558903217315674,0.10702147334814072,0.04330974817276001
48,2024-10-03T10:40:14.748Z,-0.04709123447537422,0.10857979953289032,1.0184558629989624,0.0010223388671875,-0.000396728515625,-0.000732421875,-2.0559678077697754,0.10702590644359589,0.04335630312561989
49,2024-10-03T10:40:14.759Z,-0.044408753514289856,0.10955538600683212,1.0189443826675415,0.0010223388671875,-0.000396728515625,-0.000732421875,-2.0559678077697754,0.10702590644359589,0.04335630312561989
50,2024-10-03T10:40:14.763Z,-0.044408753514289856,0.10955538600683212,1.0189443826675415,0.0010223388671875,0.0002288818359375,0.00048828125,-2.0559678077697754,0.10702590644359589,0.04335630312561989
51,2024-10-03T10:40:14.786Z,-0.044408753514289856,0.10955538600683212,1.0189443826675415,0.0010223388671875,0.0002288818359375,0.00048828125,-2.056570291519165,0.10699563473463058,0.04334661364555359
52,2024-10-03T10:40:14.799Z,-0.041967444121837616,0.10760420560836792,1.0189443826675415,0.0010223388671875,0.0002288818359375,0.00048828125,-2.056570291519165,0.10699563473463058,0.04334661364555359
53,2024-10-03T10:40:14.800Z,-0.041967444121837616,0.10760420560836792,1.0189443826675415,0.0016326904296875,0.0002288818359375,-0.000732421875,-2.056570291519165,0.10699563473463058,0.04334661364555359
54,2024-10-03T10:40:14.817Z,-0.042700305581092834,0.10955538600683212,1.0174802541732788,0.0016326904296875,0.0002288818359375,-0.000732421875,-2.056570291519165,0.10699563473463058,0.04334661364555359
55,2024-10-03T10:40:14.817Z,-0.042700305581092834,0.10955538600683212,1.0174802541732788,0.0016326904296875,0.0002288818359375,-0.000732421875,-2.056570291519165,0.10699563473463058,0.04334661364555359
56,2024-10-03T10:40:14.818Z,-0.042700305581092834,0.10955538600683212,1.0174802541732788,0.0016326904296875,0.0002288818359375,-0.000732421875,-2.0569019317626953,0.10697751492261887,0.043336570262908936
57,2024-10-03T10:40:14.842Z,-0.044408753514289856,0.10882408171892166,1.0177245140075684,0.0016326904296875,0.0002288818359375,-0.000732421875,-2.0569019317626953,0.10697751492261887,0.043336570262908936
58,2024-10-03T10:40:14.843Z,-0.044408753514289856,0.10882408171892166,1.0177245140075684,-0.000823974609375,0.0008392333984375,-0.000732421875,-2.0569019317626953,0.10697751492261887,0.043336570262908936
59,2024-10-03T10:40:14.855Z,-0.044408753514289856,0.10882408171892166,1.0177245140075684,-0.000823974609375,0.0008392333984375,-0.000732421875,-2.0571296215057373,0.10697457939386368,0.043323103338479996
60,2024-10-03T10:40:14.870Z,-0.044408753514289856,0.11028824746608734,1.0172359943389893,-0.000823974609375,0.0008392333984375,-0.000732421875,-2.0571296215057373,0.10697457939386368,0.043323103338479996
61,2024-10-03T10:40:14.870Z,-0.044408753514289856,0.11028824746608734,1.0172359943389893,-0.000823974609375,0.0002288818359375,-0.0001220703125,-2.0571296215057373,0.10697457939386368,0.043323103338479996
62,2024-10-03T10:40:14.884Z,-0.044408753514289856,0.11028824746608734,1.0172359943389893,-0.000823974609375,0.0002288818359375,-0.0001220703125,-2.0569651126861572,0.10697144269943237,0.04330714792013168
63,2024-10-03T10:40:14.897Z,-0.044408753514289856,0.11028824746608734,1.0172359943389893,-0.000823974609375,0.0002288818359375,0.00048828125,-2.0569651126861572,0.10697144269943237,0.04330714792013168
64,2024-10-03T10:40:14.898Z,-0.042944591492414474,0.10882408171892166,1.0196757316589355,-0.000823974609375,0.0002288818359375,0.00048828125,-2.0569651126861572,0.10697144269943237,0.04330714792013168
65,2024-10-03T10:40:14.919Z,-0.042944591492414474,0.10882408171892166,1.0196757316589355,-0.000823974609375,0.0002288818359375,0.00048828125,-2.057206392288208,0.10694244503974915,0.043318141251802444
66,2024-10-03T10:40:14.925Z,-0.04367589205503464,0.10857979953289032,1.0172359943389893,-0.000823974609375,0.0002288818359375,0.00048828125,-2.057206392288208,0.10694244503974915,0.043318141251802444
67,2024-10-03T10:40:14.926Z,-0.04367589205503464,0.10857979953289032,1.0172359943389893,-0.0001983642578125,-0.0009918212890625,0.00048828125,-2.057206392288208,0.10694244503974915,0.043318141251802444
68,2024-10-03T10:40:14.955Z,-0.042700305581092834,0.11126383394002914,1.0167474746704102,-0.0001983642578125,-0.0009918212890625,0.00048828125,-2.057206392288208,0.10694244503974915,0.043318141251802444
69,2024-10-03T10:40:14.956Z,-0.042700305581092834,0.11126383394002914,1.0167474746704102,-0.0001983642578125,-0.000396728515625,0.0010986328125,-2.057206392288208,0.10694244503974915,0.043318141251802444
70,2024-10-03T10:40:14.957Z,-0.042700305581092834,0.11126383394002914,1.0167474746704102,-0.0001983642578125,-0.000396728515625,0.0010986328125,-2.0572962760925293,0.10695597529411316,0.043282680213451385
71,2024-10-03T10:40:14.978Z,-0.042700305581092834,0.10882408171892166,1.0206513404846191,-0.0001983642578125,-0.000396728515625,0.0010986328125,-2.0572962760925293,0.10695597529411316,0.043282680213451385
72,2024-10-03T10:40:14.980Z,-0.042700305581092834,0.10882408171892166,1.0206513404846191,-0.0001983642578125,0.0002288818359375,0.0010986328125,-2.0572962760925293,0.10695597529411316,0.043282680213451385
73,2024-10-03T10:40:14.985Z,-0.042700305581092834,0.10882408171892166,1.0206513404846191,-0.0001983642578125,0.0002288818359375,0.0010986328125,-2.0575361251831055,0.10691282898187637,0.04331054538488388
74,2024-10-03T10:40:15.005Z,-0.044408753514289856,0.10857979953289032,1.019919991493225,-0.0001983642578125,0.0002288818359375,0.0010986328125,-2.0575361251831055,0.10691282898187637,0.04331054538488388
75,2024-10-03T10:40:15.005Z,-0.044408753514289856,0.10857979953289032,1.019919991493225,0.0028533935546875,0.0008392333984375,-0.0001220703125,-2.0575361251831055,0.10691282898187637,0.04331054538488388
76,2024-10-03T10:40:15.021Z,-0.044408753514289856,0.10857979953289032,1.019919991493225,0.0028533935546875,0.0008392333984375,-0.0001220703125,-2.0577919483184814,0.10689766705036163,0.04329589009284973
77,2024-10-03T10:40:15.033Z,-0.04611564427614212,0.10931265354156494,1.0169917345046997,0.0028533935546875,0.0008392333984375,-0.0001220703125,-2.0577919483184814,0.10689766705036163,0.04329589009284973
78,2024-10-03T10:40:15.034Z,-0.04611564427614212,0.10931265354156494,1.0169917345046997,0.0022430419921875,0.0002288818359375,-0.000732421875,-2.0577919483184814,0.10689766705036163,0.04329589009284973
79,2024-10-03T10:40:15.054Z,-0.04611564427614212,0.10931265354156494,1.0169917345046997,0.0022430419921875,0.0002288818359375,-0.000732421875,-2.0572569370269775,0.10694040358066559,0.04334636405110359
80,2024-10-03T10:40:15.064Z,-0.042456019669771194,0.1100439578294754,1.0179673433303833,0.0022430419921875,0.0002288818359375,-0.000732421875,-2.0572569370269775,0.10694040358066559,0.04334636405110359
81,2024-10-03T10:40:15.065Z,-0.042456019669771194,0.1100439578294754,1.0179673433303833,0.0034637451171875,0.0002288818359375,-0.000732421875,-2.0572569370269775,0.10694040358066559,0.04334636405110359
82,2024-10-03T10:40:15.090Z,-0.042456019669771194,0.1100439578294754,1.0179673433303833,0.0034637451171875,0.0002288818359375,-0.000732421875,-2.0566678047180176,0.10700301826000214,0.04331923648715019
83,2024-10-03T10:40:15.091Z,-0.0456286258995533,0.1110195443034172,1.0189443826675415,0.0034637451171875,0.0002288818359375,-0.000732421875,-2.0566678047180176,0.10700301826000214,0.04331923648715019
84,2024-10-03T10:40:15.094Z,-0.0456286258995533,0.1110195443034172,1.0189443826675415,0.0010223388671875,0.0008392333984375,-0.0001220703125,-2.0566678047180176,0.10700301826000214,0.04331923648715019
85,2024-10-03T10:40:15.121Z,-0.042456019669771194,0.10882408171892166,1.018700122833252,0.0010223388671875,0.0008392333984375,-0.0001220703125,-2.0566678047180176,0.10700301826000214,0.04331923648715019
86,2024-10-03T10:40:15.122Z,-0.042456019669771194,0.10882408171892166,1.018700122833252,-0.000823974609375,0.0008392333984375,0.0010986328125,-2.0566678047180176,0.10700301826000214,0.04331923648715019
87,2024-10-03T10:40:15.133Z,-0.042456019669771194,0.10882408171892166,1.018700122833252,-0.000823974609375,0.0008392333984375,0.0010986328125,-2.0558700561523438,0.10711256414651871,0.04331643879413605
88,2024-10-03T10:40:15.146Z,-0.043920181691646576,0.11272799223661423,1.0174802541732788,-0.000823974609375,0.0008392333984375,0.0010986328125,-2.0558700561523438,0.10711256414651871,0.04331643879413605
89,2024-10-03T10:40:15.148Z,-0.043920181691646576,0.11272799223661423,1.0174802541732788,-0.0001983642578125,0.0002288818359375,0.00048828125,-2.0558700561523438,0.10711256414651871,0.04331643879413605
90,2024-10-03T10:40:15.153Z,-0.043920181691646576,0.11272799223661423,1.0174802541732788,-0.0001983642578125,0.0002288818359375,0.00048828125,-2.055863618850708,0.10710326582193375,0.04331567510962486
91,2024-10-03T10:40:15.172Z,-0.04172471538186073,0.10882408171892166,1.0179673433303833,-0.0001983642578125,0.0002288818359375,0.00048828125,-2.055863618850708,0.10710326582193375,0.04331567510962486
92,2024-10-03T10:40:15.177Z,-0.04172471538186073,0.10882408171892166,1.0179673433303833,0.0010223388671875,-0.000396728515625,-0.000732421875,-2.055863618850708,0.10710326582193375,0.04331567510962486
93,2024-10-03T10:40:15.190Z,-0.04172471538186073,0.10882408171892166,1.0179673433303833,0.0010223388671875,-0.000396728515625,-0.000732421875,-2.0551180839538574,0.10710664838552475,0.04333790764212608
94,2024-10-03T10:40:15.202Z,-0.04465148225426674,0.10979966819286346,1.0201643705368042,0.0010223388671875,-0.000396728515625,-0.000732421875,-2.0551180839538574,0.10710664838552475,0.04333790764212608
95,2024-10-03T10:40:15.205Z,-0.04465148225426674,0.10979966819286346,1.0201643705368042,-0.000823974609375,-0.000396728515625,-0.000732421875,-2.0551180839538574,0.10710664838552475,0.04333790764212608
96,2024-10-03T10:40:15.218Z,-0.04465148225426674,0.10979966819286346,1.0201643705368042,-0.000823974609375,-0.000396728515625,-0.000732421875,-2.0551979541778564,0.10705924034118652,0.0433407723903656
97,2024-10-03T10:40:15.230Z,-0.043431606143713,0.10857979953289032,1.0196757316589355,-0.000823974609375,-0.000396728515625,-0.000732421875,-2.0551979541778564,0.10705924034118652,0.0433407723903656
98,2024-10-03T10:40:15.234Z,-0.043431606143713,0.10857979953289032,1.0196757316589355,-0.0001983642578125,-0.000396728515625,-0.0001220703125,-2.0551979541778564,0.10705924034118652,0.0433407723903656
99,2024-10-03T10:40:15.251Z,-0.043431606143713,0.10857979953289032,1.0196757316589355,-0.0001983642578125,-0.000396728515625,-0.0001220703125,-2.0558505058288574,0.10709163546562195,0.04331861808896065
100,2024-10-03T10:40:15.259Z,-0.04318732023239136,0.10955538600683212,1.019431471824646,-0.0001983642578125,-0.000396728515625,-0.0001220703125,-2.0558505058288574,0.10709163546562195,0.04331861808896065
101,2024-10-03T10:40:15.262Z,-0.04318732023239136,0.10955538600683212,1.019431471824646,-0.0001983642578125,0.0008392333984375,0.00048828125,-2.0558505058288574,0.10709163546562195,0.04331861808896065
102,2024-10-03T10:40:15.288Z,-0.04318732023239136,0.10955538600683212,1.019431471824646,-0.0001983642578125,0.0008392333984375,0.00048828125,-2.0559933185577393,0.10711221396923065,0.043309904634952545
103,2024-10-03T10:40:15.289Z,-0.04465148225426674,0.11028824746608734,1.019919991493225,-0.0001983642578125,0.0008392333984375,0.00048828125,-2.0559933185577393,0.10711221396923065,0.043309904634952545
104,2024-10-03T10:40:15.289Z,-0.04465148225426674,0.11028824746608734,1.019919991493225,0.0010223388671875,0.0002288818359375,0.0010986328125,-2.0559933185577393,0.10711221396923065,0.043309904634952545
105,2024-10-03T10:40:15.313Z,-0.0456286258995533,0.10931265354156494,1.0182116031646729,0.0010223388671875,0.0002288818359375,0.0010986328125,-2.0559933185577393,0.10711221396923065,0.043309904634952545
106,2024-10-03T10:40:15.318Z,-0.0456286258995533,0.10931265354156494,1.0182116031646729,0.000396728515625,0.0002288818359375,-0.000732421875,-2.0559933185577393,0.10711221396923065,0.043309904634952545
107,2024-10-03T10:40:15.323Z,-0.0456286258995533,0.10931265354156494,1.0182116031646729,0.000396728515625,0.0002288818359375,-0.000732421875,-2.0565834045410156,0.10715612769126892,0.04335801303386688
108,2024-10-03T10:40:15.435Z,-0.044408753514289856,0.11175240576267242,1.0201643705368042,0.000396728515625,0.0002288818359375,-0.000732421875,-2.0565834045410156,0.10715612769126892,0.04335801303386688
109,2024-10-03T10:40:15.435Z,-0.044408753514289856,0.11175240576267242,1.0201643705368042,-0.000823974609375,0.0002288818359375,0.0010986328125,-2.0565834045410156,0.10715612769126892,0.04335801303386688
110,2024-10-03T10:40:15.437Z,-0.04465148225426674,0.10979966819286346,1.018700122833252,-0.000823974609375,0.0002288818359375,0.0010986328125,-2.0565834045410156,0.10715612769126892,0.04335801303386688
111,2024-10-03T10:40:15.437Z,-0.04465148225426674,0.10979966819286346,1.018700122833252,0.000396728515625,0.0014495849609375,0.00048828125,-2.0565834045410156,0.10715612769126892,0.04335801303386688
112,2024-10-03T10:40:15.438Z,-0.042456019669771194,0.1100439578294754,1.0177245140075684,0.000396728515625,0.0014495849609375,0.00048828125,-2.0565834045410156,0.10715612769126892,0.04335801303386688
113,2024-10-03T10:40:15.438Z,-0.042456019669771194,0.1100439578294754,1.0177245140075684,-0.000823974609375,0.0008392333984375,0.00048828125,-2.0565834045410156,0.10715612769126892,0.04335801303386688
114,2024-10-03T10:40:15.439Z,-0.043920181691646576,0.10931265354156494,1.018700122833252,-0.000823974609375,0.0008392333984375,0.00048828125,-2.0565834045410156,0.10715612769126892,0.04335801303386688
115,2024-10-03T10:40:15.439Z,-0.043920181691646576,0.10931265354156494,1.018700122833252,-0.0001983642578125,0.0008392333984375,-0.0001220703125,-2.0565834045410156,0.10715612769126892,0.04335801303386688
116,2024-10-03T10:40:15.439Z,-0.043920181691646576,0.10931265354156494,1.018700122833252,-0.0001983642578125,0.0008392333984375,-0.0001220703125,-2.0568623542785645,0.10715416818857193,0.04335356876254082
117,2024-10-03T10:40:15.439Z,-0.043920181691646576,0.10931265354156494,1.018700122833252,-0.0001983642578125,0.0008392333984375,-0.0001220703125,-2.0568597316741943,0.10714980214834213,0.04335375502705574
118,2024-10-03T10:40:15.439Z,-0.043920181691646576,0.10931265354156494,1.018700122833252,-0.0001983642578125,0.0008392333984375,-0.0001220703125,-2.0568597316741943,0.10714980214834213,0.04335375502705574
119,2024-10-03T10:40:15.447Z,-0.042211733758449554,0.10955538600683212,1.019431471824646,-0.0001983642578125,0.0008392333984375,-0.0001220703125,-2.0568597316741943,0.10714980214834213,0.04335375502705574
120,2024-10-03T10:40:15.450Z,-0.042211733758449554,0.10955538600683212,1.019431471824646,-0.000823974609375,-0.0009918212890625,-0.0013427734375,-2.0568597316741943,0.10714980214834213,0.04335375502705574
121,2024-10-03T10:40:15.455Z,-0.042211733758449554,0.10955538600683212,1.019431471824646,-0.000823974609375,-0.0009918212890625,-0.0013427734375,-2.0564587116241455,0.10715314000844955,0.04334132745862007
122,2024-10-03T10:40:15.473Z,-0.041967444121837616,0.1110195443034172,1.019431471824646,-0.000823974609375,-0.0009918212890625,-0.0013427734375,-2.0564587116241455,0.10715314000844955,0.04334132745862007
123,2024-10-03T10:40:15.475Z,-0.041967444121837616,0.1110195443034172,1.019431471824646,-0.0001983642578125,0.0002288818359375,-0.000732421875,-2.0564587116241455,0.10715314000844955,0.04334132745862007
124,2024-10-03T10:40:15.486Z,-0.041967444121837616,0.1110195443034172,1.019431471824646,-0.0001983642578125,0.0002288818359375,-0.000732421875,-2.0561723709106445,0.10712078958749771,0.043316155672073364
125,2024-10-03T10:40:15.501Z,-0.04489576816558838,0.10784849524497986,1.0184558629989624,-0.0001983642578125,0.0002288818359375,-0.000732421875,-2.0561723709106445,0.10712078958749771,0.043316155672073364
126,2024-10-03T10:40:15.508Z,-0.04489576816558838,0.10784849524497986,1.0184558629989624,0.0010223388671875,-0.000396728515625,0.0010986328125,-2.0561723709106445,0.10712078958749771,0.043316155672073364
127,2024-10-03T10:40:15.518Z,-0.04489576816558838,0.10784849524497986,1.0184558629989624,0.0010223388671875,-0.000396728515625,0.0010986328125,-2.0557444095611572,0.10715073347091675,0.04331761971116066
128,2024-10-03T10:40:15.526Z,-0.0456286258995533,0.11077526211738586,1.0201643705368042,0.0010223388671875,-0.000396728515625,0.0010986328125,-2.0557444095611572,0.10715073347091675,0.04331761971116066
129,2024-10-03T10:40:15.534Z,-0.0456286258995533,0.11077526211738586,1.0201643705368042,-0.000823974609375,-0.0009918212890625,0.00048828125,-2.0557444095611572,0.10715073347091675,0.04331761971116066
130,2024-10-03T10:40:15.551Z,-0.0456286258995533,0.11077526211738586,1.0201643705368042,-0.000823974609375,-0.0009918212890625,0.00048828125,-2.055331230163574,0.10716424137353897,0.04331072047352791
131,2024-10-03T10:40:15.556Z,-0.044408753514289856,0.11053252965211868,1.0184558629989624,-0.000823974609375,-0.0009918212890625,0.00048828125,-2.055331230163574,0.10716424137353897,0.04331072047352791
132,2024-10-03T10:40:15.560Z,-0.044408753514289856,0.11053252965211868,1.0184558629989624,-0.0001983642578125,0.0002288818359375,0.0010986328125,-2.055331230163574,0.10716424137353897,0.04331072047352791
133,2024-10-03T10:40:15.583Z,-0.043920181691646576,0.11028824746608734,1.0179673433303833,-0.0001983642578125,0.0002288818359375,0.0010986328125,-2.055331230163574,0.10716424137353897,0.04331072047352791
134,2024-10-03T10:40:15.590Z,-0.043920181691646576,0.11028824746608734,1.0179673433303833,-0.0001983642578125,0.0002288818359375,0.0010986328125,-2.054980993270874,0.10713960975408554,0.04331694170832634
135,2024-10-03T10:40:15.592Z,-0.043920181691646576,0.11028824746608734,1.0179673433303833,-0.0001983642578125,-0.000396728515625,-0.000732421875,-2.054980993270874,0.10713960975408554,0.04331694170832634
136,2024-10-03T10:40:15.610Z,-0.04318732023239136,0.11150811612606049,1.0182116031646729,-0.0001983642578125,-0.000396728515625,-0.000732421875,-2.054980993270874,0.10713960975408554,0.04331694170832634
137,2024-10-03T10:40:15.624Z,-0.04318732023239136,0.11150811612606049,1.0182116031646729,0.0022430419921875,0.0002288818359375,0.00048828125,-2.054980993270874,0.10713960975408554,0.04331694170832634
138,2024-10-03T10:40:15.628Z,-0.04318732023239136,0.11150811612606049,1.0182116031646729,0.0022430419921875,0.0002288818359375,0.00048828125,-2.054269790649414,0.10712399333715439,0.04334592446684837
139,2024-10-03T10:40:15.637Z,-0.04318732023239136,0.11028824746608734,1.0204086303710938,0.0022430419921875,0.0002288818359375,0.00048828125,-2.054269790649414,0.10712399333715439,0.04334592446684837
140,2024-10-03T10:40:15.646Z,-0.04318732023239136,0.11028824746608734,1.0204086303710938,-0.0001983642578125,0.0008392333984375,0.0010986328125,-2.054269790649414,0.10712399333715439,0.04334592446684837
141,2024-10-03T10:40:15.661Z,-0.04318732023239136,0.11028824746608734,1.0204086303710938,-0.0001983642578125,0.0008392333984375,0.0010986328125,-2.0534188747406006,0.10713735222816467,0.043341152369976044
142,2024-10-03T10:40:15.667Z,-0.044164467602968216,0.1090683713555336,1.0184558629989624,-0.0001983642578125,0.0008392333984375,0.0010986328125,-2.0534188747406006,0.10713735222816467,0.043341152369976044
143,2024-10-03T10:40:15.673Z,-0.044164467602968216,0.1090683713555336,1.0184558629989624,-0.0014190673828125,-0.000396728515625,0.00048828125,-2.0534188747406006,0.10713735222816467,0.043341152369976044
144,2024-10-03T10:40:15.687Z,-0.044164467602968216,0.1090683713555336,1.0184558629989624,-0.0014190673828125,-0.000396728515625,0.00048828125,-2.0525219440460205,0.10712981224060059,0.04331507533788681
145,2024-10-03T10:40:15.696Z,-0.043920181691646576,0.11053252965211868,1.0208956003189087,-0.0014190673828125,-0.000396728515625,0.00048828125,-2.0525219440460205,0.10712981224060059,0.04331507533788681
146,2024-10-03T10:40:15.705Z,-0.043920181691646576,0.11053252965211868,1.0208956003189087,-0.0001983642578125,-0.0009918212890625,0.00048828125,-2.0525219440460205,0.10712981224060059,0.04331507533788681
147,2024-10-03T10:40:15.720Z,-0.043920181691646576,0.11053252965211868,1.0208956003189087,-0.0001983642578125,-0.0009918212890625,0.00048828125,-2.0520989894866943,0.10713925212621689,0.043301548808813095
148,2024-10-03T10:40:15.723Z,-0.043920181691646576,0.11053252965211868,1.0191887617111206,-0.0001983642578125,-0.0009918212890625,0.00048828125,-2.0520989894866943,0.10713925212621689,0.043301548808813095
149,2024-10-03T10:40:15.733Z,-0.043920181691646576,0.11053252965211868,1.0191887617111206,-0.000823974609375,-0.000396728515625,0.00048828125,-2.0520989894866943,0.10713925212621689,0.043301548808813095
150,2024-10-03T10:40:15.749Z,-0.042700305581092834,0.1100439578294754,1.0206513404846191,-0.000823974609375,-0.000396728515625,0.00048828125,-2.0520989894866943,0.10713925212621689,0.043301548808813095
151,2024-10-03T10:40:15.758Z,-0.042700305581092834,0.1100439578294754,1.0206513404846191,-0.000823974609375,-0.000396728515625,0.00048828125,-2.0514144897460938,0.1071217954158783,0.04326815530657768
152,2024-10-03T10:40:15.761Z,-0.042700305581092834,0.1100439578294754,1.0206513404846191,-0.0014190673828125,0.0002288818359375,-0.0001220703125,-2.0514144897460938,0.1071217954158783,0.04326815530657768
153,2024-10-03T10:40:15.778Z,-0.04538433998823166,0.1090683713555336,1.0184558629989624,-0.0014190673828125,0.0002288818359375,-0.0001220703125,-2.0514144897460938,0.1071217954158783,0.04326815530657768
154,2024-10-03T10:40:15.806Z,-0.04538433998823166,0.1090683713555336,1.0184558629989624,0.0010223388671875,0.0002288818359375,-0.0001220703125,-2.0514144897460938,0.1071217954158783,0.04326815530657768
155,2024-10-03T10:40:15.807Z,-0.04538433998823166,0.1090683713555336,1.0184558629989624,0.0010223388671875,0.0002288818359375,-0.0001220703125,-2.050966739654541,0.1071224957704544,0.04327712953090668
156,2024-10-03T10:40:15.807Z,-0.044408753514289856,0.10979966819286346,1.0196757316589355,0.0010223388671875,0.0002288818359375,-0.0001220703125,-2.050966739654541,0.1071224957704544,0.04327712953090668
157,2024-10-03T10:40:15.817Z,-0.044408753514289856,0.10979966819286346,1.0196757316589355,0.000396728515625,0.0008392333984375,0.00048828125,-2.050966739654541,0.1071224957704544,0.04327712953090668
158,2024-10-03T10:40:15.826Z,-0.044408753514289856,0.10979966819286346,1.0196757316589355,0.000396728515625,0.0008392333984375,0.00048828125,-2.0508670806884766,0.10719826072454453,0.04328371584415436
159,2024-10-03T10:40:15.847Z,-0.04318732023239136,0.10979966819286346,1.0179673433303833,0.000396728515625,0.0008392333984375,0.00048828125,-2.0508670806884766,0.10719826072454453,0.04328371584415436
160,2024-10-03T10:40:15.847Z,-0.04318732023239136,0.10979966819286346,1.0179673433303833,-0.000823974609375,-0.000396728515625,0.00048828125,-2.0508670806884766,0.10719826072454453,0.04328371584415436
161,2024-10-03T10:40:15.854Z,-0.04318732023239136,0.10979966819286346,1.0179673433303833,-0.000823974609375,-0.000396728515625,0.00048828125,-2.051182746887207,0.10719960182905197,0.04328680783510208
162,2024-10-03T10:40:15.873Z,-0.044164467602968216,0.11053252965211868,1.0196757316589355,-0.000823974609375,-0.000396728515625,0.00048828125,-2.051182746887207,0.10719960182905197,0.04328680783510208
163,2024-10-03T10:40:15.874Z,-0.044164467602968216,0.11053252965211868,1.0196757316589355,0.000396728515625,-0.000396728515625,-0.000732421875,-2.051182746887207,0.10719960182905197,0.04328680783510208
164,2024-10-03T10:40:15.885Z,-0.044164467602968216,0.11053252965211868,1.0196757316589355,0.000396728515625,-0.000396728515625,-0.000732421875,-2.051464080810547,0.10719899088144302,0.04328721761703491
165,2024-10-03T10:40:15.899Z,-0.042456019669771194,0.1100439578294754,1.0206513404846191,0.000396728515625,-0.000396728515625,-0.000732421875,-2.051464080810547,0.10719899088144302,0.04328721761703491
166,2024-10-03T10:40:15.899Z,-0.042456019669771194,0.1100439578294754,1.0206513404846191,-0.0001983642578125,0.0002288818359375,-0.0001220703125,-2.051464080810547,0.10719899088144302,0.04328721761703491
167,2024-10-03T10:40:15.923Z,-0.042456019669771194,0.1100439578294754,1.0206513404846191,-0.0001983642578125,0.0002288818359375,-0.0001220703125,-2.051239013671875,0.1071854904294014,0.04328693822026253
168,2024-10-03T10:40:15.925Z,-0.04318732023239136,0.1100439578294754,1.0179673433303833,-0.0001983642578125,0.0002288818359375,-0.0001220703125,-2.051239013671875,0.1071854904294014,0.04328693822026253
169,2024-10-03T10:40:15.925Z,-0.04318732023239136,0.1100439578294754,1.0179673433303833,-0.0014190673828125,0.0008392333984375,-0.0001220703125,-2.051239013671875,0.1071854904294014,0.04328693822026253
170,2024-10-03T10:40:15.955Z,-0.04318732023239136,0.1100439578294754,1.0179673433303833,-0.0014190673828125,0.0008392333984375,-0.0001220703125,-2.05118465423584,0.10713988542556763,0.04325199872255325
171,2024-10-03T10:40:15.956Z,-0.043431606143713,0.11053252965211868,1.0196757316589355,-0.0014190673828125,0.0008392333984375,-0.0001220703125,-2.05118465423584,0.10713988542556763,0.04325199872255325
172,2024-10-03T10:40:15.956Z,-0.043431606143713,0.11053252965211868,1.0196757316589355,-0.0014190673828125,0.0008392333984375,0.00048828125,-2.05118465423584,0.10713988542556763,0.04325199872255325
173,2024-10-03T10:40:15.981Z,-0.04514005407691002,0.10931265354156494,1.0191887617111206,-0.0014190673828125,0.0008392333984375,0.00048828125,-2.05118465423584,0.10713988542556763,0.04325199872255325
174,2024-10-03T10:40:15.986Z,-0.04514005407691002,0.10931265354156494,1.0191887617111206,0.000396728515625,-0.0009918212890625,0.00048828125,-2.05118465423584,0.10713988542556763,0.04325199872255325
175,2024-10-03T10:40:15.990Z,-0.04514005407691002,0.10931265354156494,1.0191887617111206,0.000396728515625,-0.0009918212890625,0.00048828125,-2.0511207580566406,0.1071237102150917,0.04324349761009216
176,2024-10-03T10:40:16.013Z,-0.043431606143713,0.10955538600683212,1.0208956003189087,0.000396728515625,-0.0009918212890625,0.00048828125,-2.0511207580566406,0.1071237102150917,0.04324349761009216
177,2024-10-03T10:40:16.013Z,-0.043431606143713,0.10955538600683212,1.0208956003189087,0.0010223388671875,0.0008392333984375,-0.000732421875,-2.0511207580566406,0.1071237102150917,0.04324349761009216
178,2024-10-03T10:40:16.025Z,-0.043431606143713,0.10955538600683212,1.0208956003189087,0.0010223388671875,0.0008392333984375,-0.000732421875,-2.0513153076171875,0.10715975612401962,0.04323029890656471
179,2024-10-03T10:40:16.039Z,-0.04099185764789581,0.11248371005058289,1.0179673433303833,0.0010223388671875,0.0008392333984375,-0.000732421875,-2.0513153076171875,0.10715975612401962,0.04323029890656471
180,2024-10-03T10:40:16.045Z,-0.04099185764789581,0.11248371005058289,1.0179673433303833,-0.000823974609375,0.0002288818359375,0.0010986328125,-2.0513153076171875,0.10715975612401962,0.04323029890656471
181,2024-10-03T10:40:16.060Z,-0.04099185764789581,0.11248371005058289,1.0179673433303833,-0.000823974609375,0.0002288818359375,0.0010986328125,-2.0517466068267822,0.10720226168632507,0.04322638362646103
182,2024-10-03T10:40:16.064Z,-0.04514005407691002,0.1100439578294754,1.0191887617111206,-0.000823974609375,0.0002288818359375,0.0010986328125,-2.0517466068267822,0.10720226168632507,0.04322638362646103
183,2024-10-03T10:40:16.073Z,-0.04514005407691002,0.1100439578294754,1.0191887617111206,-0.0001983642578125,-0.000396728515625,-0.000732421875,-2.0517466068267822,0.10720226168632507,0.04322638362646103
184,2024-10-03T10:40:16.093Z,-0.04465148225426674,0.11028824746608734,1.0184558629989624,-0.0001983642578125,-0.000396728515625,-0.000732421875,-2.0517466068267822,0.10720226168632507,0.04322638362646103
185,2024-10-03T10:40:16.094Z,-0.04465148225426674,0.11028824746608734,1.0184558629989624,-0.0001983642578125,-0.000396728515625,-0.000732421875,-2.0517733097076416,0.10724140703678131,0.043230071663856506
186,2024-10-03T10:40:16.101Z,-0.04465148225426674,0.11028824746608734,1.0184558629989624,-0.0026397705078125,0.0002288818359375,-0.0001220703125,-2.0517733097076416,0.10724140703678131,0.043230071663856506
187,2024-10-03T10:40:16.116Z,-0.04489576816558838,0.10955538600683212,1.018700122833252,-0.0026397705078125,0.0002288818359375,-0.0001220703125,-2.0517733097076416,0.10724140703678131,0.043230071663856506
188,2024-10-03T10:40:16.127Z,-0.04489576816558838,0.10955538600683212,1.018700122833252,-0.0026397705078125,0.0002288818359375,-0.0001220703125,-2.0515618324279785,0.10720802843570709,0.04320286214351654
189,2024-10-03T10:40:16.128Z,-0.04489576816558838,0.10955538600683212,1.018700122833252,-0.000823974609375,-0.000396728515625,-0.0001220703125,-2.0515618324279785,0.10720802843570709,0.04320286214351654
190,2024-10-03T10:40:16.143Z,-0.044164467602968216,0.11028824746608734,1.019919991493225,-0.000823974609375,-0.000396728515625,-0.0001220703125,-2.0515618324279785,0.10720802843570709,0.04320286214351654
191,2024-10-03T10:40:16.159Z,-0.044164467602968216,0.11028824746608734,1.019919991493225,0.000396728515625,0.0002288818359375,-0.0001220703125,-2.0515618324279785,0.10720802843570709,0.04320286214351654
192,2024-10-03T10:40:16.160Z,-0.044164467602968216,0.11028824746608734,1.019919991493225,0.000396728515625,0.0002288818359375,-0.0001220703125,-2.0517196655273438,0.10721287131309509,0.043159082531929016
193,2024-10-03T10:40:16.173Z,-0.042944591492414474,0.11028824746608734,1.019919991493225,0.000396728515625,0.0002288818359375,-0.0001220703125,-2.0517196655273438,0.10721287131309509,0.043159082531929016
194,2024-10-03T10:40:16.184Z,-0.042944591492414474,0.11028824746608734,1.019919991493225,0.0016326904296875,-0.001617431640625,-0.0001220703125,-2.0517196655273438,0.10721287131309509,0.043159082531929016
195,2024-10-03T10:40:16.194Z,-0.042944591492414474,0.11028824746608734,1.019919991493225,0.0016326904296875,-0.001617431640625,-0.0001220703125,-2.051701545715332,0.10721700638532639,0.04316497594118118
196,2024-10-03T10:40:16.197Z,-0.043431606143713,0.11126383394002914,1.0174802541732788,0.0016326904296875,-0.001617431640625,-0.0001220703125,-2.051701545715332,0.10721700638532639,0.04316497594118118
197,2024-10-03T10:40:16.210Z,-0.043431606143713,0.11126383394002914,1.0174802541732788,0.0028533935546875,0.0002288818359375,0.00048828125,-2.051701545715332,0.10721700638532639,0.04316497594118118
198,2024-10-03T10:40:16.233Z,-0.04465148225426674,0.1110195443034172,1.019919991493225,0.0028533935546875,0.0002288818359375,0.00048828125,-2.051701545715332,0.10721700638532639,0.04316497594118118
199,2024-10-03T10:40:16.234Z,-0.04465148225426674,0.1110195443034172,1.019919991493225,0.0028533935546875,0.0002288818359375,0.00048828125,-2.0506205558776855,0.10721221566200256,0.04316021874547005
200,2024-10-03T10:40:16.241Z,-0.04465148225426674,0.1110195443034172,1.019919991493225,0.0010223388671875,0.0002288818359375,0.00048828125,-2.0506205558776855,0.10721221566200256,0.04316021874547005
201,2024-10-03T10:40:16.250Z,-0.044164467602968216,0.10955538600683212,1.019431471824646,0.0010223388671875,0.0002288818359375,0.00048828125,-2.0506205558776855,0.10721221566200256,0.04316021874547005
202,2024-10-03T10:40:16.256Z,-0.044164467602968216,0.10955538600683212,1.019431471824646,0.0010223388671875,0.0002288818359375,0.00048828125,-2.0506114959716797,0.10724478214979172,0.04318645969033241
203,2024-10-03T10:40:16.267Z,-0.044164467602968216,0.10955538600683212,1.019431471824646,0.000396728515625,-0.0009918212890625,-0.000732421875,-2.0506114959716797,0.10724478214979172,0.04318645969033241
204,2024-10-03T10:40:16.277Z,-0.04489576816558838,0.1100439578294754,1.0184558629989624,0.000396728515625,-0.0009918212890625,-0.000732421875,-2.0506114959716797,0.10724478214979172,0.04318645969033241
205,2024-10-03T10:40:16.288Z,-0.04489576816558838,0.1100439578294754,1.0184558629989624,0.000396728515625,-0.0009918212890625,-0.000732421875,-2.0505211353302,0.10726125538349152,0.04318775236606598
206,2024-10-03T10:40:16.293Z,-0.04489576816558838,0.1100439578294754,1.0184558629989624,-0.000823974609375,0.0008392333984375,-0.0001220703125,-2.0505211353302,0.10726125538349152,0.04318775236606598
207,2024-10-03T10:40:16.304Z,-0.04489576816558838,0.1090683713555336,1.019431471824646,-0.000823974609375,0.0008392333984375,-0.0001220703125,-2.0505211353302,0.10726125538349152,0.04318775236606598
208,2024-10-03T10:40:16.321Z,-0.04489576816558838,0.1090683713555336,1.019431471824646,-0.000823974609375,0.0008392333984375,-0.0001220703125,-2.0504398345947266,0.10725606232881546,0.0431961826980114
209,2024-10-03T10:40:16.321Z,-0.04489576816558838,0.1090683713555336,1.019431471824646,-0.000823974609375,0.0002288818359375,0.00048828125,-2.0504398345947266,0.10725606232881546,0.0431961826980114
210,2024-10-03T10:40:16.330Z,-0.04367589205503464,0.11053252965211868,1.0196757316589355,-0.000823974609375,0.0002288818359375,0.00048828125,-2.0504398345947266,0.10725606232881546,0.0431961826980114
211,2024-10-03T10:40:16.460Z,-0.04367589205503464,0.11053252965211868,1.0196757316589355,-0.000823974609375,0.0008392333984375,-0.0001220703125,-2.0504398345947266,0.10725606232881546,0.0431961826980114
212,2024-10-03T10:40:16.461Z,-0.043431606143713,0.10979966819286346,1.0196757316589355,-0.000823974609375,0.0008392333984375,-0.0001220703125,-2.0504398345947266,0.10725606232881546,0.0431961826980114
213,2024-10-03T10:40:16.461Z,-0.043431606143713,0.10979966819286346,1.0196757316589355,-0.000823974609375,0.0002288818359375,-0.0001220703125,-2.0504398345947266,0.10725606232881546,0.0431961826980114
214,2024-10-03T10:40:16.461Z,-0.04538433998823166,0.11028824746608734,1.019919991493225,-0.000823974609375,0.0002288818359375,-0.0001220703125,-2.0504398345947266,0.10725606232881546,0.0431961826980114
215,2024-10-03T10:40:16.462Z,-0.04538433998823166,0.11028824746608734,1.019919991493225,-0.0001983642578125,0.0002288818359375,0.00048828125,-2.0504398345947266,0.10725606232881546,0.0431961826980114
216,2024-10-03T10:40:16.462Z,-0.044164467602968216,0.1100439578294754,1.0196757316589355,-0.0001983642578125,0.0002288818359375,0.00048828125,-2.0504398345947266,0.10725606232881546,0.0431961826980114
217,2024-10-03T10:40:16.463Z,-0.044164467602968216,0.1100439578294754,1.0196757316589355,0.0010223388671875,-0.001617431640625,0.0010986328125,-2.0504398345947266,0.10725606232881546,0.0431961826980114
218,2024-10-03T10:40:16.463Z,-0.044408753514289856,0.1100439578294754,1.0191887617111206,0.0010223388671875,-0.001617431640625,0.0010986328125,-2.0504398345947266,0.10725606232881546,0.0431961826980114
219,2024-10-03T10:40:16.464Z,-0.044408753514289856,0.1100439578294754,1.0191887617111206,0.000396728515625,0.0008392333984375,-0.000732421875,-2.0504398345947266,0.10725606232881546,0.0431961826980114
220,2024-10-03T10:40:16.464Z,-0.044408753514289856,0.1100439578294754,1.0191887617111206,0.000396728515625,0.0008392333984375,-0.000732421875,-2.049283504486084,0.10716219991445541,0.043187614530324936
221,2024-10-03T10:40:16.464Z,-0.044408753514289856,0.1100439578294754,1.0191887617111206,0.000396728515625,0.0008392333984375,-0.000732421875,-2.049283504486084,0.10716219991445541,0.043187614530324936
222,2024-10-03T10:40:16.464Z,-0.044408753514289856,0.1100439578294754,1.0191887617111206,0.000396728515625,0.0008392333984375,-0.000732421875,-2.049283504486084,0.10716219991445541,0.043187614530324936
223,2024-10-03T10:40:16.464Z,-0.043920181691646576,0.1100439578294754,1.0218727588653564,0.000396728515625,0.0008392333984375,-0.000732421875,-2.049283504486084,0.10716219991445541,0.043187614530324936
224,2024-10-03T10:40:16.464Z,-0.043920181691646576,0.1100439578294754,1.0218727588653564,0.000396728515625,0.0008392333984375,-0.000732421875,-2.049283504486084,0.10716219991445541,0.043187614530324936
225,2024-10-03T10:40:16.481Z,-0.043920181691646576,0.1100439578294754,1.0218727588653564,-0.000823974609375,-0.000396728515625,-0.0001220703125,-2.049283504486084,0.10716219991445541,0.043187614530324936
226,2024-10-03T10:40:16.487Z,-0.043920181691646576,0.1100439578294754,1.0218727588653564,-0.000823974609375,-0.000396728515625,-0.0001220703125,-2.0489161014556885,0.10714734345674515,0.0431789793074131
227,2024-10-03T10:40:16.491Z,-0.0456286258995533,0.11223942041397095,1.0204086303710938,-0.000823974609375,-0.000396728515625,-0.0001220703125,-2.0489161014556885,0.10714734345674515,0.0431789793074131
228,2024-10-03T10:40:16.509Z,-0.0456286258995533,0.11223942041397095,1.0204086303710938,-0.002044677734375,0.0002288818359375,-0.000732421875,-2.0489161014556885,0.10714734345674515,0.0431789793074131
229,2024-10-03T10:40:16.517Z,-0.04465148225426674,0.11150811612606049,1.0179673433303833,-0.002044677734375,0.0002288818359375,-0.000732421875,-2.0489161014556885,0.10714734345674515,0.0431789793074131
230,2024-10-03T10:40:16.521Z,-0.04465148225426674,0.11150811612606049,1.0179673433303833,-0.002044677734375,0.0002288818359375,-0.000732421875,-2.0479705333709717,0.10715988278388977,0.04318729043006897
231,2024-10-03T10:40:16.533Z,-0.04465148225426674,0.11150811612606049,1.0179673433303833,-0.0001983642578125,-0.0009918212890625,-0.0001220703125,-2.0479705333709717,0.10715988278388977,0.04318729043006897
232,2024-10-03T10:40:16.542Z,-0.04318732023239136,0.11053252965211868,1.0191887617111206,-0.0001983642578125,-0.0009918212890625,-0.0001220703125,-2.0479705333709717,0.10715988278388977,0.04318729043006897
233,2024-10-03T10:40:16.556Z,-0.04318732023239136,0.11053252965211868,1.0191887617111206,-0.0001983642578125,-0.0009918212890625,-0.0001220703125,-2.0468380451202393,0.107164666056633,0.043176356703042984
234,2024-10-03T10:40:16.560Z,-0.04318732023239136,0.11053252965211868,1.0191887617111206,0.0010223388671875,-0.0009918212890625,-0.0001220703125,-2.0468380451202393,0.107164666056633,0.043176356703042984
235,2024-10-03T10:40:16.572Z,-0.04465148225426674,0.1100439578294754,1.0182116031646729,0.0010223388671875,-0.0009918212890625,-0.0001220703125,-2.0468380451202393,0.107164666056633,0.043176356703042984
236,2024-10-03T10:40:16.598Z,-0.04465148225426674,0.1100439578294754,1.0182116031646729,-0.0001983642578125,-0.001617431640625,0.00048828125,-2.0468380451202393,0.107164666056633,0.043176356703042984
237,2024-10-03T10:40:16.599Z,-0.04465148225426674,0.1100439578294754,1.0182116031646729,-0.0001983642578125,-0.001617431640625,0.00048828125,-2.0468475818634033,0.10718147456645966,0.043173931539058685
238,2024-10-03T10:40:16.601Z,-0.042456019669771194,0.11150811612606049,1.0196757316589355,-0.0001983642578125,-0.001617431640625,0.00048828125,-2.0468475818634033,0.10718147456645966,0.043173931539058685
239,2024-10-03T10:40:16.615Z,-0.042456019669771194,0.11150811612606049,1.0196757316589355,-0.0014190673828125,0.0008392333984375,-0.0001220703125,-2.0468475818634033,0.10718147456645966,0.043173931539058685
240,2024-10-03T10:40:16.628Z,-0.042456019669771194,0.11150811612606049,1.0196757316589355,-0.0014190673828125,0.0008392333984375,-0.0001220703125,-2.0463318824768066,0.10714390873908997,0.043185044080019
241,2024-10-03T10:40:16.631Z,-0.04367589205503464,0.11175240576267242,1.0204086303710938,-0.0014190673828125,0.0008392333984375,-0.0001220703125,-2.0463318824768066,0.10714390873908997,0.043185044080019
242,2024-10-03T10:40:16.643Z,-0.04367589205503464,0.11175240576267242,1.0204086303710938,-0.002044677734375,0.0002288818359375,-0.000732421875,-2.0463318824768066,0.10714390873908997,0.043185044080019
243,2024-10-03T10:40:16.656Z,-0.04367589205503464,0.11175240576267242,1.0204086303710938,-0.002044677734375,0.0002288818359375,-0.000732421875,-2.0453407764434814,0.10710804909467697,0.04318233206868172
244,2024-10-03T10:40:16.656Z,-0.042700305581092834,0.10955538600683212,1.0201643705368042,-0.002044677734375,0.0002288818359375,-0.000732421875,-2.0453407764434814,0.10710804909467697,0.04318233206868172
245,2024-10-03T10:40:16.670Z,-0.042700305581092834,0.10955538600683212,1.0201643705368042,-0.0001983642578125,0.0008392333984375,-0.0001220703125,-2.0453407764434814,0.10710804909467697,0.04318233206868172
246,2024-10-03T10:40:16.684Z,-0.04465148225426674,0.10979966819286346,1.0191887617111206,-0.0001983642578125,0.0008392333984375,-0.0001220703125,-2.0453407764434814,0.10710804909467697,0.04318233206868172
247,2024-10-03T10:40:16.689Z,-0.04465148225426674,0.10979966819286346,1.0191887617111206,-0.0001983642578125,0.0008392333984375,-0.0001220703125,-2.0453245639801025,0.10709594190120697,0.04318496212363243
248,2024-10-03T10:40:16.697Z,-0.04465148225426674,0.10979966819286346,1.0191887617111206,-0.000823974609375,-0.000396728515625,-0.0001220703125,-2.0453245639801025,0.10709594190120697,0.04318496212363243
249,2024-10-03T10:40:16.713Z,-0.042944591492414474,0.1090683713555336,1.0204086303710938,-0.000823974609375,-0.000396728515625,-0.0001220703125,-2.0453245639801025,0.10709594190120697,0.04318496212363243
250,2024-10-03T10:40:16.729Z,-0.042944591492414474,0.1090683713555336,1.0204086303710938,-0.000823974609375,-0.0009918212890625,-0.000732421875,-2.0453245639801025,0.10709594190120697,0.04318496212363243
251,2024-10-03T10:40:16.732Z,-0.042944591492414474,0.1090683713555336,1.0204086303710938,-0.000823974609375,-0.0009918212890625,-0.000732421875,-2.0450003147125244,0.10708723217248917,0.04319761320948601
252,2024-10-03T10:40:16.741Z,-0.0466042160987854,0.11175240576267242,1.0191887617111206,-0.000823974609375,-0.0009918212890625,-0.000732421875,-2.0450003147125244,0.10708723217248917,0.04319761320948601
253,2024-10-03T10:40:16.750Z,-0.0466042160987854,0.11175240576267242,1.0191887617111206,-0.000823974609375,-0.000396728515625,0.0010986328125,-2.0450003147125244,0.10708723217248917,0.04319761320948601
254,2024-10-03T10:40:16.756Z,-0.0466042160987854,0.11175240576267242,1.0191887617111206,-0.000823974609375,-0.000396728515625,0.0010986328125,-2.0443663597106934,0.10708393901586533,0.04315587505698204
255,2024-10-03T10:40:16.766Z,-0.042456019669771194,0.11248371005058289,1.0191887617111206,-0.000823974609375,-0.000396728515625,0.0010986328125,-2.0443663597106934,0.10708393901586533,0.04315587505698204
256,2024-10-03T10:40:16.782Z,-0.042456019669771194,0.11248371005058289,1.0191887617111206,-0.0001983642578125,-0.0009918212890625,-0.001953125,-2.0443663597106934,0.10708393901586533,0.04315587505698204
257,2024-10-03T10:40:16.791Z,-0.042456019669771194,0.11248371005058289,1.0191887617111206,-0.0001983642578125,-0.0009918212890625,-0.001953125,-2.0446252822875977,0.10708305239677429,0.04313705489039421
258,2024-10-03T10:40:16.794Z,-0.04514005407691002,0.1090683713555336,1.0208956003189087,-0.0001983642578125,-0.0009918212890625,-0.001953125,-2.0446252822875977,0.10708305239677429,0.04313705489039421
259,2024-10-03T10:40:16.808Z,-0.04514005407691002,0.1090683713555336,1.0208956003189087,-0.002044677734375,-0.001617431640625,-0.001953125,-2.0446252822875977,0.10708305239677429,0.04313705489039421
260,2024-10-03T10:40:16.820Z,-0.042944591492414474,0.10833550989627838,1.0191887617111206,-0.002044677734375,-0.001617431640625,-0.001953125,-2.0446252822875977,0.10708305239677429,0.04313705489039421
261,2024-10-03T10:40:16.827Z,-0.042944591492414474,0.10833550989627838,1.0191887617111206,-0.002044677734375,-0.001617431640625,-0.001953125,-2.044316291809082,0.10703008621931076,0.0431315116584301
262,2024-10-03T10:40:16.838Z,-0.042944591492414474,0.10833550989627838,1.0191887617111206,-0.0014190673828125,0.0002288818359375,-0.0001220703125,-2.044316291809082,0.10703008621931076,0.0431315116584301
263,2024-10-03T10:40:16.846Z,-0.044408753514289856,0.11077526211738586,1.0169917345046997,-0.0014190673828125,0.0002288818359375,-0.0001220703125,-2.044316291809082,0.10703008621931076,0.0431315116584301
264,2024-10-03T10:40:16.862Z,-0.044408753514289856,0.11077526211738586,1.0169917345046997,-0.0014190673828125,0.0002288818359375,-0.0001220703125,-2.0443310737609863,0.10696729272603989,0.04312806576490402
265,2024-10-03T10:40:16.866Z,-0.044408753514289856,0.11077526211738586,1.0169917345046997,-0.003265380859375,-0.001617431640625,-0.0001220703125,-2.0443310737609863,0.10696729272603989,0.04312806576490402
266,2024-10-03T10:40:16.877Z,-0.044164467602968216,0.10955538600683212,1.0211398601531982,-0.003265380859375,-0.001617431640625,-0.0001220703125,-2.0443310737609863,0.10696729272603989,0.04312806576490402
267,2024-10-03T10:40:16.894Z,-0.044164467602968216,0.10955538600683212,1.0211398601531982,-0.003265380859375,-0.001617431640625,-0.0001220703125,-2.0444955825805664,0.10689451545476913,0.04310619458556175
268,2024-10-03T10:40:16.894Z,-0.044164467602968216,0.10955538600683212,1.0211398601531982,-0.003265380859375,0.0002288818359375,-0.000732421875,-2.0444955825805664,0.10689451545476913,0.04310619458556175
269,2024-10-03T10:40:16.908Z,-0.0456286258995533,0.10882408171892166,1.0196757316589355,-0.003265380859375,0.0002288818359375,-0.000732421875,-2.0444955825805664,0.10689451545476913,0.04310619458556175
270,2024-10-03T10:40:16.920Z,-0.0456286258995533,0.10882408171892166,1.0196757316589355,-0.002044677734375,-0.001617431640625,-0.0001220703125,-2.0444955825805664,0.10689451545476913,0.04310619458556175
271,2024-10-03T10:40:16.927Z,-0.0456286258995533,0.10882408171892166,1.0196757316589355,-0.002044677734375,-0.001617431640625,-0.0001220703125,-2.045177936553955,0.10680978000164032,0.04311966896057129
272,2024-10-03T10:40:16.935Z,-0.04684850201010704,0.10931265354156494,1.0206513404846191,-0.002044677734375,-0.001617431640625,-0.0001220703125,-2.045177936553955,0.10680978000164032,0.04311966896057129
273,2024-10-03T10:40:16.952Z,-0.04684850201010704,0.10931265354156494,1.0206513404846191,-0.003265380859375,-0.0009918212890625,0.001708984375,-2.045177936553955,0.10680978000164032,0.04311966896057129
274,2024-10-03T10:40:16.962Z,-0.041967444121837616,0.10931265354156494,1.0184558629989624,-0.003265380859375,-0.0009918212890625,0.001708984375,-2.045177936553955,0.10680978000164032,0.04311966896057129
275,2024-10-03T10:40:16.962Z,-0.041967444121837616,0.10931265354156494,1.0184558629989624,-0.003265380859375,-0.0009918212890625,0.001708984375,-2.0458600521087646,0.10671484470367432,0.04311639443039894
276,2024-10-03T10:40:16.984Z,-0.041967444121837616,0.10931265354156494,1.0184558629989624,-0.002044677734375,0.0002288818359375,-0.0001220703125,-2.0458600521087646,0.10671484470367432,0.04311639443039894
277,2024-10-03T10:40:16.991Z,-0.044408753514289856,0.10931265354156494,1.0204086303710938,-0.002044677734375,0.0002288818359375,-0.0001220703125,-2.0458600521087646,0.10671484470367432,0.04311639443039894
278,2024-10-03T10:40:17.000Z,-0.044408753514289856,0.10931265354156494,1.0204086303710938,-0.002044677734375,0.0002288818359375,-0.0001220703125,-2.0465316772460938,0.10658589750528336,0.04309208318591118
279,2024-10-03T10:40:17.010Z,-0.044408753514289856,0.10931265354156494,1.0204086303710938,-0.0014190673828125,-0.000396728515625,-0.000732421875,-2.0465316772460938,0.10658589750528336,0.04309208318591118
280,2024-10-03T10:40:17.014Z,-0.04538433998823166,0.10833550989627838,1.0174802541732788,-0.0014190673828125,-0.000396728515625,-0.000732421875,-2.0465316772460938,0.10658589750528336,0.04309208318591118
281,2024-10-03T10:40:17.026Z,-0.04538433998823166,0.10833550989627838,1.0174802541732788,-0.0014190673828125,-0.000396728515625,-0.000732421875,-2.0464985370635986,0.10654186457395554,0.04308079928159714
282,2024-10-03T10:40:17.035Z,-0.04538433998823166,0.10833550989627838,1.0174802541732788,-0.0014190673828125,-0.000396728515625,-0.0001220703125,-2.0464985370635986,0.10654186457395554,0.04308079928159714
283,2024-10-03T10:40:17.042Z,-0.04318732023239136,0.10882408171892166,1.0201643705368042,-0.0014190673828125,-0.000396728515625,-0.0001220703125,-2.0464985370635986,0.10654186457395554,0.04308079928159714
284,2024-10-03T10:40:17.062Z,-0.04318732023239136,0.10882408171892166,1.0201643705368042,-0.0014190673828125,-0.000396728515625,-0.0001220703125,-2.0464508533477783,0.10646719485521317,0.043082062155008316
285,2024-10-03T10:40:17.064Z,-0.04318732023239136,0.10882408171892166,1.0201643705368042,-0.004486083984375,-0.000396728515625,-0.0001220703125,-2.0464508533477783,0.10646719485521317,0.043082062155008316
286,2024-10-03T10:40:17.073Z,-0.04465148225426674,0.10857979953289032,1.0191887617111206,-0.004486083984375,-0.000396728515625,-0.0001220703125,-2.0464508533477783,0.10646719485521317,0.043082062155008316
287,2024-10-03T10:40:17.093Z,-0.04465148225426674,0.10857979953289032,1.0191887617111206,-0.004486083984375,-0.000396728515625,-0.0001220703125,-2.0463814735412598,0.10636986047029495,0.04306640848517418
288,2024-10-03T10:40:17.097Z,-0.04587135836482048,0.10955538600683212,1.0182116031646729,-0.004486083984375,-0.000396728515625,-0.0001220703125,-2.0463814735412598,0.10636986047029495,0.04306640848517418
289,2024-10-03T10:40:17.097Z,-0.04587135836482048,0.10955538600683212,1.0182116031646729,-0.0014190673828125,0.0014495849609375,-0.0001220703125,-2.0463814735412598,0.10636986047029495,0.04306640848517418
290,2024-10-03T10:40:17.125Z,-0.04587135836482048,0.10955538600683212,1.0182116031646729,-0.0014190673828125,0.0014495849609375,-0.0001220703125,-2.0463263988494873,0.10630565136671066,0.04303532466292381
291,2024-10-03T10:40:17.127Z,-0.043431606143713,0.11199669539928436,1.021628499031067,-0.0014190673828125,0.0014495849609375,-0.0001220703125,-2.0463263988494873,0.10630565136671066,0.04303532466292381
292,2024-10-03T10:40:17.129Z,-0.043431606143713,0.11199669539928436,1.021628499031067,-0.0026397705078125,-0.000396728515625,-0.000732421875,-2.0463263988494873,0.10630565136671066,0.04303532466292381
293,2024-10-03T10:40:17.154Z,-0.04318732023239136,0.10833550989627838,1.0160161256790161,-0.0026397705078125,-0.000396728515625,-0.000732421875,-2.0463263988494873,0.10630565136671066,0.04303532466292381
294,2024-10-03T10:40:17.155Z,-0.04318732023239136,0.10833550989627838,1.0160161256790161,-0.005706787109375,-0.0022125244140625,0.00048828125,-2.0463263988494873,0.10630565136671066,0.04303532466292381
295,2024-10-03T10:40:17.163Z,-0.04318732023239136,0.10833550989627838,1.0160161256790161,-0.005706787109375,-0.0022125244140625,0.00048828125,-2.046276330947876,0.10625132918357849,0.043000709265470505
296,2024-10-03T10:40:17.181Z,-0.044164467602968216,0.10809122025966644,1.018700122833252,-0.005706787109375,-0.0022125244140625,0.00048828125,-2.046276330947876,0.10625132918357849,0.043000709265470505
297,2024-10-03T10:40:17.183Z,-0.044164467602968216,0.10809122025966644,1.018700122833252,-0.002044677734375,-0.0009918212890625,0.0010986328125,-2.046276330947876,0.10625132918357849,0.043000709265470505
298,2024-10-03T10:40:17.194Z,-0.044164467602968216,0.10809122025966644,1.018700122833252,-0.002044677734375,-0.0009918212890625,0.0010986328125,-2.0461630821228027,0.10606599599123001,0.043015167117118835
299,2024-10-03T10:40:17.209Z,-0.04123614355921745,0.10882408171892166,1.019431471824646,-0.002044677734375,-0.0009918212890625,0.0010986328125,-2.0461630821228027,0.10606599599123001,0.043015167117118835
300,2024-10-03T10:40:17.211Z,-0.04123614355921745,0.10882408171892166,1.019431471824646,-0.002044677734375,0.0008392333984375,0.00048828125,-2.0461630821228027,0.10606599599123001,0.043015167117118835
301,2024-10-03T10:40:17.227Z,-0.04123614355921745,0.10882408171892166,1.019431471824646,-0.002044677734375,0.0008392333984375,0.00048828125,-2.0461478233337402,0.10606648027896881,0.04297962039709091
302,2024-10-03T10:40:17.234Z,-0.04587135836482048,0.10809122025966644,1.018700122833252,-0.002044677734375,0.0008392333984375,0.00048828125,-2.0461478233337402,0.10606648027896881,0.04297962039709091
303,2024-10-03T10:40:17.236Z,-0.04587135836482048,0.10809122025966644,1.018700122833252,-0.0014190673828125,-0.000396728515625,0.0010986328125,-2.0461478233337402,0.10606648027896881,0.04297962039709091
304,2024-10-03T10:40:17.259Z,-0.04587135836482048,0.10809122025966644,1.018700122833252,-0.0014190673828125,-0.000396728515625,0.0010986328125,-2.046088218688965,0.10597609728574753,0.04297681152820587
305,2024-10-03T10:40:17.261Z,-0.04123614355921745,0.1068713515996933,1.0179673433303833,-0.0014190673828125,-0.000396728515625,0.0010986328125,-2.046088218688965,0.10597609728574753,0.04297681152820587
306,2024-10-03T10:40:17.263Z,-0.04123614355921745,0.1068713515996933,1.0179673433303833,0.000396728515625,-0.000396728515625,0.00048828125,-2.046088218688965,0.10597609728574753,0.04297681152820587
307,2024-10-03T10:40:17.287Z,-0.043920181691646576,0.1100439578294754,1.0177245140075684,0.000396728515625,-0.000396728515625,0.00048828125,-2.046088218688965,0.10597609728574753,0.04297681152820587
308,2024-10-03T10:40:17.294Z,-0.043920181691646576,0.1100439578294754,1.0177245140075684,-0.0014190673828125,-0.0009918212890625,-0.0001220703125,-2.046088218688965,0.10597609728574753,0.04297681152820587
309,2024-10-03T10:40:17.295Z,-0.043920181691646576,0.1100439578294754,1.0177245140075684,-0.0014190673828125,-0.0009918212890625,-0.0001220703125,-2.0460660457611084,0.10596723109483719,0.04293850064277649
310,2024-10-03T10:40:17.314Z,-0.043431606143713,0.1100439578294754,1.0204086303710938,-0.0014190673828125,-0.0009918212890625,-0.0001220703125,-2.0460660457611084,0.10596723109483719,0.04293850064277649
311,2024-10-03T10:40:17.324Z,-0.043431606143713,0.1100439578294754,1.0204086303710938,-0.0001983642578125,0.0008392333984375,-0.0001220703125,-2.0460660457611084,0.10596723109483719,0.04293850064277649
312,2024-10-03T10:40:17.329Z,-0.043431606143713,0.1100439578294754,1.0204086303710938,-0.0001983642578125,0.0008392333984375,-0.0001220703125,-2.04606556892395,0.10594446957111359,0.04297097772359848
313,2024-10-03T10:40:17.463Z,-0.04514005407691002,0.10882408171892166,1.0182116031646729,-0.0001983642578125,0.0008392333984375,-0.0001220703125,-2.04606556892395,0.10594446957111359,0.04297097772359848
314,2024-10-03T10:40:17.463Z,-0.04514005407691002,0.10882408171892166,1.0182116031646729,-0.0001983642578125,-0.000396728515625,-0.000732421875,-2.04606556892395,0.10594446957111359,0.04297097772359848
315,2024-10-03T10:40:17.464Z,-0.04514005407691002,0.10833550989627838,1.021628499031067,-0.0001983642578125,-0.000396728515625,-0.000732421875,-2.04606556892395,0.10594446957111359,0.04297097772359848
316,2024-10-03T10:40:17.464Z,-0.04514005407691002,0.10833550989627838,1.021628499031067,-0.0001983642578125,0.0008392333984375,-0.000732421875,-2.04606556892395,0.10594446957111359,0.04297097772359848
317,2024-10-03T10:40:17.465Z,-0.04489576816558838,0.10735992342233658,1.0208956003189087,-0.0001983642578125,0.0008392333984375,-0.000732421875,-2.04606556892395,0.10594446957111359,0.04297097772359848
318,2024-10-03T10:40:17.465Z,-0.04489576816558838,0.10735992342233658,1.0208956003189087,-0.0001983642578125,-0.000396728515625,-0.0001220703125,-2.04606556892395,0.10594446957111359,0.04297097772359848
319,2024-10-03T10:40:17.466Z,-0.043920181691646576,0.10614004731178284,1.0182116031646729,-0.0001983642578125,-0.000396728515625,-0.0001220703125,-2.04606556892395,0.10594446957111359,0.04297097772359848
320,2024-10-03T10:40:17.466Z,-0.043920181691646576,0.10614004731178284,1.0182116031646729,0.000396728515625,0.0014495849609375,-0.001953125,-2.04606556892395,0.10594446957111359,0.04297097772359848
321,2024-10-03T10:40:17.466Z,-0.04367589205503464,0.10711563378572464,1.0201643705368042,0.000396728515625,0.0014495849609375,-0.001953125,-2.04606556892395,0.10594446957111359,0.04297097772359848
322,2024-10-03T10:40:17.467Z,-0.04367589205503464,0.10711563378572464,1.0201643705368042,-0.000823974609375,0.0002288818359375,-0.0001220703125,-2.04606556892395,0.10594446957111359,0.04297097772359848
323,2024-10-03T10:40:17.467Z,-0.04367589205503464,0.10711563378572464,1.0201643705368042,-0.000823974609375,0.0002288818359375,-0.0001220703125,-2.046074151992798,0.10588409006595612,0.0430799275636673
324,2024-10-03T10:40:17.467Z,-0.04367589205503464,0.10711563378572464,1.0201643705368042,-0.000823974609375,0.0002288818359375,-0.0001220703125,-2.046074151992798,0.10588409006595612,0.0430799275636673
325,2024-10-03T10:40:17.467Z,-0.04367589205503464,0.10711563378572464,1.0201643705368042,-0.000823974609375,0.0002288818359375,-0.0001220703125,-2.046074151992798,0.10588409006595612,0.0430799275636673
326,2024-10-03T10:40:17.467Z,-0.04367589205503464,0.10711563378572464,1.0201643705368042,-0.000823974609375,0.0002288818359375,-0.0001220703125,-2.046074151992798,0.10588285326957703,0.04308224841952324
327,2024-10-03T10:40:17.478Z,-0.04587135836482048,0.10809122025966644,1.0196757316589355,-0.000823974609375,0.0002288818359375,-0.0001220703125,-2.046074151992798,0.10588285326957703,0.04308224841952324
328,2024-10-03T10:40:17.483Z,-0.04587135836482048,0.10809122025966644,1.0196757316589355,0.0040740966796875,-0.000396728515625,0.00048828125,-2.046074151992798,0.10588285326957703,0.04308224841952324
329,2024-10-03T10:40:17.489Z,-0.04587135836482048,0.10809122025966644,1.0196757316589355,0.0040740966796875,-0.000396728515625,0.00048828125,-2.046086311340332,0.10588609427213669,0.043105266988277435
330,2024-10-03T10:40:17.505Z,-0.04538433998823166,0.1110195443034172,1.02626371383667,0.0040740966796875,-0.000396728515625,0.00048828125,-2.046086311340332,0.10588609427213669,0.043105266988277435
331,2024-10-03T10:40:17.510Z,-0.04538433998823166,0.1110195443034172,1.02626371383667,0.0010223388671875,0.0002288818359375,-0.0013427734375,-2.046086311340332,0.10588609427213669,0.043105266988277435
332,2024-10-03T10:40:17.523Z,-0.04538433998823166,0.1110195443034172,1.02626371383667,0.0010223388671875,0.0002288818359375,-0.0013427734375,-2.0461955070495605,0.10605323314666748,0.043108291923999786
333,2024-10-03T10:40:17.531Z,-0.04733552038669586,0.1090683713555336,1.0191887617111206,0.0010223388671875,0.0002288818359375,-0.0013427734375,-2.0461955070495605,0.10605323314666748,0.043108291923999786
334,2024-10-03T10:40:17.537Z,-0.04733552038669586,0.1090683713555336,1.0191887617111206,-0.0001983642578125,-0.000396728515625,-0.0013427734375,-2.0461955070495605,0.10605323314666748,0.043108291923999786
335,2024-10-03T10:40:17.557Z,-0.04733552038669586,0.1090683713555336,1.0191887617111206,-0.0001983642578125,-0.000396728515625,-0.0013427734375,-2.046212673187256,0.10607597231864929,0.043114323168992996
336,2024-10-03T10:40:17.558Z,-0.0456286258995533,0.10784849524497986,1.0162603855133057,-0.0001983642578125,-0.000396728515625,-0.0013427734375,-2.046212673187256,0.10607597231864929,0.043114323168992996
337,2024-10-03T10:40:17.564Z,-0.0456286258995533,0.10784849524497986,1.0162603855133057,-0.004486083984375,-0.000396728515625,0.00048828125,-2.046212673187256,0.10607597231864929,0.043114323168992996
338,2024-10-03T10:40:17.585Z,-0.0456286258995533,0.1058957576751709,1.0191887617111206,-0.004486083984375,-0.000396728515625,0.00048828125,-2.046212673187256,0.10607597231864929,0.043114323168992996
339,2024-10-03T10:40:17.606Z,-0.0456286258995533,0.1058957576751709,1.0191887617111206,0.000396728515625,0.0008392333984375,-0.000732421875,-2.046212673187256,0.10607597231864929,0.043114323168992996
340,2024-10-03T10:40:17.618Z,-0.0456286258995533,0.1058957576751709,1.0191887617111206,0.000396728515625,0.0008392333984375,-0.000732421875,-2.046149492263794,0.10600869357585907,0.043069127947092056
341,2024-10-03T10:40:17.618Z,-0.04465148225426674,0.10955538600683212,1.0208956003189087,0.000396728515625,0.0008392333984375,-0.000732421875,-2.046149492263794,0.10600869357585907,0.043069127947092056
342,2024-10-03T10:40:17.628Z,-0.04465148225426674,0.10955538600683212,1.0208956003189087,0.0010223388671875,0.0008392333984375,0.0010986328125,-2.046149492263794,0.10600869357585907,0.043069127947092056
343,2024-10-03T10:40:17.629Z,-0.04465148225426674,0.10955538600683212,1.0208956003189087,0.0010223388671875,0.0008392333984375,0.0010986328125,-2.046194553375244,0.10606837272644043,0.0430840328335762
344,2024-10-03T10:40:17.641Z,-0.04514005407691002,0.10467588156461716,1.0172359943389893,0.0010223388671875,0.0008392333984375,0.0010986328125,-2.046194553375244,0.10606837272644043,0.0430840328335762
345,2024-10-03T10:40:17.652Z,-0.04514005407691002,0.10467588156461716,1.0172359943389893,0.0046844482421875,0.0008392333984375,-0.0001220703125,-2.046194553375244,0.10606837272644043,0.0430840328335762
346,2024-10-03T10:40:17.658Z,-0.04514005407691002,0.10467588156461716,1.0172359943389893,0.0046844482421875,0.0008392333984375,-0.0001220703125,-2.0461745262145996,0.10600093752145767,0.043137505650520325
347,2024-10-03T10:40:17.669Z,-0.04318732023239136,0.10711563378572464,1.0189443826675415,0.0046844482421875,0.0008392333984375,-0.0001220703125,-2.0461745262145996,0.10600093752145767,0.043137505650520325
348,2024-10-03T10:40:17.680Z,-0.04318732023239136,0.10711563378572464,1.0189443826675415,0.0065155029296875,0.0008392333984375,0.00048828125,-2.0461745262145996,0.10600093752145767,0.043137505650520325
349,2024-10-03T10:40:17.692Z,-0.04318732023239136,0.10711563378572464,1.0189443826675415,0.0065155029296875,0.0008392333984375,0.00048828125,-2.0463085174560547,0.10621108114719391,0.043134164065122604
350,2024-10-03T10:40:17.697Z,-0.042211733758449554,0.11199669539928436,1.0167474746704102,0.0065155029296875,0.0008392333984375,0.00048828125,-2.0463085174560547,0.10621108114719391,0.043134164065122604
351,2024-10-03T10:40:17.706Z,-0.042211733758449554,0.11199669539928436,1.0167474746704102,0.0065155029296875,0.0020599365234375,-0.0001220703125,-2.0463085174560547,0.10621108114719391,0.043134164065122604
352,2024-10-03T10:40:17.722Z,-0.044408753514289856,0.1110195443034172,1.0208956003189087,0.0065155029296875,0.0020599365234375,-0.0001220703125,-2.0463085174560547,0.10621108114719391,0.043134164065122604
353,2024-10-03T10:40:17.733Z,-0.044408753514289856,0.1110195443034172,1.0208956003189087,-0.004486083984375,-0.0034332275390625,0.001708984375,-2.0463085174560547,0.10621108114719391,0.043134164065122604
354,2024-10-03T10:40:17.734Z,-0.044408753514289856,0.1110195443034172,1.0208956003189087,-0.004486083984375,-0.0034332275390625,0.001708984375,-2.0464460849761963,0.10644783079624176,0.04309912025928497
355,2024-10-03T10:40:17.751Z,-0.04489576816558838,0.10760420560836792,1.0174802541732788,-0.004486083984375,-0.0034332275390625,0.001708984375,-2.0464460849761963,0.10644783079624176,0.04309912025928497
356,2024-10-03T10:40:17.769Z,-0.04489576816558838,0.10760420560836792,1.0174802541732788,0.0150604248046875,-0.000396728515625,-0.0001220703125,-2.0464460849761963,0.10644783079624176,0.04309912025928497
357,2024-10-03T10:40:17.770Z,-0.04489576816558838,0.10760420560836792,1.0174802541732788,0.0150604248046875,-0.000396728515625,-0.0001220703125,-2.0464749336242676,0.10649725794792175,0.04309263825416565
358,2024-10-03T10:40:17.786Z,-0.04587135836482048,0.11297228187322617,1.0304118394851685,0.0150604248046875,-0.000396728515625,-0.0001220703125,-2.0464749336242676,0.10649725794792175,0.04309263825416565
359,2024-10-03T10:40:17.787Z,-0.04587135836482048,0.11297228187322617,1.0304118394851685,-0.004486083984375,-0.002838134765625,-0.0001220703125,-2.0464749336242676,0.10649725794792175,0.04309263825416565
360,2024-10-03T10:40:17.800Z,-0.04587135836482048,0.11297228187322617,1.0304118394851685,-0.004486083984375,-0.002838134765625,-0.0001220703125,-2.046778440475464,0.1069144606590271,0.04317184165120125
361,2024-10-03T10:40:17.804Z,-0.04709123447537422,0.11126383394002914,1.0155274868011475,-0.004486083984375,-0.002838134765625,-0.0001220703125,-2.046778440475464,0.1069144606590271,0.04317184165120125
362,2024-10-03T10:40:17.814Z,-0.04709123447537422,0.11126383394002914,1.0155274868011475,0.0059051513671875,0.0014495849609375,-0.0013427734375,-2.046778440475464,0.1069144606590271,0.04317184165120125
363,2024-10-03T10:40:17.830Z,-0.04489576816558838,0.10199184715747833,1.0189443826675415,0.0059051513671875,0.0014495849609375,-0.0013427734375,-2.046778440475464,0.1069144606590271,0.04317184165120125
364,2024-10-03T10:40:17.831Z,-0.04489576816558838,0.10199184715747833,1.0189443826675415,0.0059051513671875,0.0014495849609375,-0.0013427734375,-2.0467774868011475,0.10696397721767426,0.043096743524074554
365,2024-10-03T10:40:17.839Z,-0.04489576816558838,0.10199184715747833,1.0189443826675415,0.0101776123046875,0.0026702880859375,-0.001953125,-2.0467774868011475,0.10696397721767426,0.043096743524074554
366,2024-10-03T10:40:17.857Z,-0.04489576816558838,0.11516774445772171,1.0226041078567505,0.0101776123046875,0.0026702880859375,-0.001953125,-2.0467774868011475,0.10696397721767426,0.043096743524074554
367,2024-10-03T10:40:17.864Z,-0.04489576816558838,0.11516774445772171,1.0226041078567505,0.0101776123046875,0.0026702880859375,-0.001953125,-2.046761989593506,0.10688532888889313,0.0431772880256176
368,2024-10-03T10:40:17.867Z,-0.04489576816558838,0.11516774445772171,1.0226041078567505,-0.0026397705078125,-0.001617431640625,-0.0001220703125,-2.046761989593506,0.10688532888889313,0.0431772880256176
369,2024-10-03T10:40:17.884Z,-0.042211733758449554,0.11321656405925751,1.0182116031646729,-0.0026397705078125,-0.001617431640625,-0.0001220703125,-2.046761989593506,0.10688532888889313,0.0431772880256176
370,2024-10-03T10:40:17.899Z,-0.042211733758449554,0.11321656405925751,1.0182116031646729,0.000396728515625,0.0002288818359375,0.0010986328125,-2.046761989593506,0.10688532888889313,0.0431772880256176
371,2024-10-03T10:40:17.900Z,-0.042211733758449554,0.11321656405925751,1.0182116031646729,0.000396728515625,0.0002288818359375,0.0010986328125,-2.046891927719116,0.10714343190193176,0.04309402406215668
372,2024-10-03T10:40:17.915Z,-0.04733552038669586,0.1049201712012291,1.0211398601531982,0.000396728515625,0.0002288818359375,0.0010986328125,-2.046891927719116,0.10714343190193176,0.04309402406215668
373,2024-10-03T10:40:17.922Z,-0.04733552038669586,0.1049201712012291,1.0211398601531982,0.0016326904296875,0.0008392333984375,-0.0001220703125,-2.046891927719116,0.10714343190193176,0.04309402406215668
374,2024-10-03T10:40:17.937Z,-0.04148042947053909,0.11809606850147247,1.0167474746704102,0.0016326904296875,0.0008392333984375,-0.0001220703125,-2.046891927719116,0.10714343190193176,0.04309402406215668
375,2024-10-03T10:40:17.938Z,-0.04148042947053909,0.11809606850147247,1.0167474746704102,0.0016326904296875,0.0008392333984375,-0.0001220703125,-2.0467872619628906,0.106923907995224,0.04317804053425789
376,2024-10-03T10:40:17.949Z,-0.04148042947053909,0.11809606850147247,1.0167474746704102,0.0040740966796875,-0.000396728515625,-0.0001220703125,-2.0467872619628906,0.106923907995224,0.04317804053425789
377,2024-10-03T10:40:17.961Z,-0.04148042947053909,0.11809606850147247,1.0167474746704102,0.0040740966796875,-0.000396728515625,-0.0001220703125,-2.0469868183135986,0.10728385299444199,0.04310457408428192
378,2024-10-03T10:40:17.970Z,-0.04635993018746376,0.1058957576751709,1.0191887617111206,0.0040740966796875,-0.000396728515625,-0.0001220703125,-2.0469868183135986,0.10728385299444199,0.04310457408428192
379,2024-10-03T10:40:17.981Z,-0.04635993018746376,0.1058957576751709,1.0191887617111206,0.0010223388671875,0.0008392333984375,-0.0001220703125,-2.0469868183135986,0.10728385299444199,0.04310457408428192
380,2024-10-03T10:40:17.997Z,-0.04635993018746376,0.1058957576751709,1.0191887617111206,0.0010223388671875,0.0008392333984375,-0.0001220703125,-2.0468926429748535,0.107091523706913,0.04317180812358856
381,2024-10-03T10:40:17.997Z,-0.04538433998823166,0.11028824746608734,1.0155274868011475,0.0010223388671875,0.0008392333984375,-0.0001220703125,-2.0468926429748535,0.107091523706913,0.04317180812358856
382,2024-10-03T10:40:18.006Z,-0.04538433998823166,0.11028824746608734,1.0155274868011475,0.0028533935546875,0.0002288818359375,-0.000732421875,-2.0468926429748535,0.107091523706913,0.04317180812358856
383,2024-10-03T10:40:18.027Z,-0.044164467602968216,0.1110195443034172,1.0189443826675415,0.0028533935546875,0.0002288818359375,-0.000732421875,-2.0468926429748535,0.107091523706913,0.04317180812358856
384,2024-10-03T10:40:18.032Z,-0.044164467602968216,0.1110195443034172,1.0189443826675415,-0.000823974609375,0.0002288818359375,-0.000732421875,-2.0468926429748535,0.107091523706913,0.04317180812358856
385,2024-10-03T10:40:18.032Z,-0.044164467602968216,0.1110195443034172,1.0189443826675415,-0.000823974609375,0.0002288818359375,-0.000732421875,-2.046994686126709,0.10727676004171371,0.04313310608267784
386,2024-10-03T10:40:18.055Z,-0.03855210542678833,0.123952716588974,1.0521284341812134,-0.000823974609375,0.0002288818359375,-0.000732421875,-2.046994686126709,0.10727676004171371,0.04313310608267784
387,2024-10-03T10:40:18.058Z,-0.03855210542678833,0.123952716588974,1.0521284341812134,-0.005706787109375,-0.001617431640625,-0.0001220703125,-2.046994686126709,0.10727676004171371,0.04313310608267784
388,2024-10-03T10:40:18.063Z,-0.03855210542678833,0.123952716588974,1.0521284341812134,-0.005706787109375,-0.001617431640625,-0.0001220703125,-2.0477263927459717,0.10813600569963455,0.04354019835591316
389,2024-10-03T10:40:18.083Z,-0.04733552038669586,0.10711563378572464,1.008695363998413,-0.005706787109375,-0.001617431640625,-0.0001220703125,-2.0477263927459717,0.10813600569963455,0.04354019835591316
390,2024-10-03T10:40:18.083Z,-0.04733552038669586,0.10711563378572464,1.008695363998413,-0.00115966796875,-0.002777099609375,0.002838134765625,-2.0477263927459717,0.10813600569963455,0.04354019835591316
391,2024-10-03T10:40:18.095Z,-0.04733552038669586,0.10711563378572464,1.008695363998413,-0.00115966796875,-0.002777099609375,0.002838134765625,-2.046987295150757,0.10724155604839325,0.04316756874322891
